{"cameraMode":{"drawMode":0,"name":"Shaded","section":"Shading Mode"},"sceneLighting":true,"audioPlay":false,"sceneViewState":{"showFog":true,"showMaterialUpdate":false,"showSkybox":true,"showFlares":true,"showImageEffects":true,"showParticleSystems":true},"in2DMode":false,"pivot":{"x":22.560264587402345,"y":10.750466346740723,"z":-3.83101487159729},"rotation":{"x":0.05738651007413864,"y":-0.34299033880233767,"z":0.02119387313723564,"w":0.9374322295188904},"size":8.799487113952637,"orthographic":false}