{"cameraMode":{"drawMode":0,"name":"Shaded","section":"Shading Mode"},"sceneLighting":true,"audioPlay":false,"sceneViewState":{"showFog":true,"showMaterialUpdate":false,"showSkybox":true,"showFlares":true,"showImageEffects":true,"showParticleSystems":true},"in2DMode":false,"pivot":{"x":-22.869314193725587,"y":54.76825714111328,"z":708.0958862304688},"rotation":{"x":-0.08799594640731812,"y":-0.6360449194908142,"z":0.07404199242591858,"w":-0.7635539770126343},"size":8.942183494567871,"orthographic":false}