{"cameraMode":{"drawMode":0,"name":"Shaded","section":"Shading Mode"},"sceneLighting":true,"audioPlay":false,"sceneViewState":{"showFog":true,"showMaterialUpdate":false,"showSkybox":true,"showFlares":true,"showImageEffects":true,"showParticleSystems":true},"in2DMode":false,"pivot":{"x":9.789902687072754,"y":17.6845703125,"z":54.31539535522461},"rotation":{"x":0.007290959358215332,"y":-0.9833667278289795,"z":0.17712682485580445,"w":0.04100937396287918},"size":4.358951091766357,"orthographic":false}