{"cameraMode":{"drawMode":0,"name":"Shaded","section":"Shading Mode"},"sceneLighting":true,"audioPlay":false,"sceneViewState":{"showFog":true,"showMaterialUpdate":false,"showSkybox":true,"showFlares":true,"showImageEffects":true,"showParticleSystems":true},"in2DMode":false,"pivot":{"x":-286.65557861328127,"y":87.04007720947266,"z":348.1631774902344},"rotation":{"x":-0.10469656437635422,"y":-0.6193403005599976,"z":0.08183509856462479,"w":-0.774359941482544},"size":8.942183494567871,"orthographic":true}